"","Gene","Chrom","meth_context","source_name","count","mean_meth_percentage","HV"
"1","AT1G10920","Chr1","CpG","Closed flower buds",43,6.9030052887782,"non-hv"
"2","AT1G10920","Chr1","CpG","Rosette leaf",31,11.5390926278023,"non-hv"
"3","AT1G10920","Chr1","CpG","Rosette leaf",27,3.10185185185185,"non-hv"
"4","AT1G10920","Chr1","CpG","Embryos",30,8.22991822991823,"non-hv"
"5","AT1G10920","Chr1","CpG","Cauline leaf",34,7.82791146761735,"non-hv"
"6","AT1G10920","Chr1","CpG","Closed flower buds",36,9.93150489861016,"non-hv"
"7","AT1G10920","Chr1","CpG","Cauline leaf",28,0,"non-hv"
"8","AT1G10920","Chr1","CpG","Embryos",26,3.30516705516705,"non-hv"
"9","AT1G12210","Chr1","CpG","Cauline leaf",2,0,"non-hv"
"10","AT1G12210","Chr1","CpG","Cauline leaf",1,0,"non-hv"
"11","AT1G12210","Chr1","CpG","Closed flower buds",3,0,"non-hv"
"12","AT1G12210","Chr1","CpG","Rosette leaf",1,0,"non-hv"
"13","AT1G12210","Chr1","CpG","Embryos",2,0,"non-hv"
"14","AT1G12210","Chr1","CpG","Closed flower buds",4,1.38888888888889,"non-hv"
"15","AT1G12220","Chr1","CpG","Rosette leaf",22,26.1999458874459,"non-hv"
"16","AT1G12220","Chr1","CpG","Rosette leaf",19,29.624615468437,"non-hv"
"17","AT1G12220","Chr1","CpG","Embryos",9,31.7746913580247,"non-hv"
"18","AT1G12220","Chr1","CpG","Cauline leaf",15,28.6307118807119,"non-hv"
"19","AT1G12220","Chr1","CpG","Closed flower buds",29,44.1393163031094,"non-hv"
"20","AT1G12220","Chr1","CpG","Embryos",17,29.3591375944317,"non-hv"
"21","AT1G12220","Chr1","CpG","Cauline leaf",17,18.6151305441963,"non-hv"
"22","AT1G12220","Chr1","CpG","Closed flower buds",22,31.7805691763439,"non-hv"
"23","AT1G12280","Chr1","CpG","Rosette leaf",35,34.8287823287823,"non-hv"
"24","AT1G12280","Chr1","CpG","Embryos",32,48.6970256306194,"non-hv"
"25","AT1G12280","Chr1","CpG","Cauline leaf",25,23.3789016539017,"non-hv"
"26","AT1G12280","Chr1","CpG","Rosette leaf",23,27.7367559976256,"non-hv"
"27","AT1G12280","Chr1","CpG","Closed flower buds",40,45.6634692278274,"non-hv"
"28","AT1G12280","Chr1","CpG","Embryos",27,48.848404681738,"non-hv"
"29","AT1G12290","Chr1","CpG","Rosette leaf",33,50.0899635775093,"non-hv"
"30","AT1G12290","Chr1","CpG","Embryos",28,44.1016742817528,"non-hv"
"31","AT1G12290","Chr1","CpG","Cauline leaf",32,53.3524964175724,"non-hv"
"32","AT1G12290","Chr1","CpG","Rosette leaf",29,44.8562917990163,"non-hv"
"33","AT1G12290","Chr1","CpG","Closed flower buds",36,50.8149984908993,"non-hv"
"34","AT1G12290","Chr1","CpG","Cauline leaf",36,51.2528683574879,"non-hv"
"35","AT1G12290","Chr1","CpG","Closed flower buds",35,46.8716510527656,"non-hv"
"36","AT1G12290","Chr1","CpG","Embryos",20,55.7499840845429,"non-hv"
"37","AT1G15890","Chr1","CpG","Cauline leaf",16,6.25,"non-hv"
"38","AT1G15890","Chr1","CpG","Closed flower buds",33,20.8532807062219,"non-hv"
"39","AT1G15890","Chr1","CpG","Cauline leaf",21,12.6502267573696,"non-hv"
"40","AT1G15890","Chr1","CpG","Embryos",20,25.0576923076923,"non-hv"
"41","AT1G15890","Chr1","CpG","Embryos",15,0,"non-hv"
"42","AT1G15890","Chr1","CpG","Rosette leaf",28,28.5805761698619,"non-hv"
"43","AT1G15890","Chr1","CpG","Closed flower buds",27,22.8422314094829,"non-hv"
"44","AT1G15890","Chr1","CpG","Rosette leaf",18,15.4232804232804,"non-hv"
"45","AT1G17600","Chr1","CpG","Embryos",33,5.82553475935829,"non-hv"
"46","AT1G17600","Chr1","CpG","Cauline leaf",31,3.37348135735233,"non-hv"
"47","AT1G17600","Chr1","CpG","Rosette leaf",29,0.240384615384615,"non-hv"
"48","AT1G17600","Chr1","CpG","Cauline leaf",35,2.42389085434198,"non-hv"
"49","AT1G17600","Chr1","CpG","Closed flower buds",38,4.33566882155994,"non-hv"
"50","AT1G17600","Chr1","CpG","Embryos",35,4.89905263818307,"non-hv"
"51","AT1G17600","Chr1","CpG","Closed flower buds",39,4.58205137692317,"non-hv"
"52","AT1G17600","Chr1","CpG","Rosette leaf",35,3.9374340645349,"non-hv"
"53","AT1G27170","Chr1","CpG","Cauline leaf",92,0.709109730848862,"non-hv"
"54","AT1G27170","Chr1","CpG","Embryos",105,0.975754404325833,"non-hv"
"55","AT1G27170","Chr1","CpG","Rosette leaf",110,0.633065858872311,"non-hv"
"56","AT1G27170","Chr1","CpG","Rosette leaf",86,0.612898083828316,"non-hv"
"57","AT1G27170","Chr1","CpG","Embryos",83,0.204211494808666,"non-hv"
"58","AT1G27170","Chr1","CpG","Cauline leaf",95,0.708228056227716,"non-hv"
"59","AT1G27170","Chr1","CpG","Closed flower buds",103,0.236939435968562,"non-hv"
"60","AT1G27170","Chr1","CpG","Closed flower buds",96,1.23369837202558,"non-hv"
"61","AT1G27180","Chr1","CpG","Cauline leaf",83,5.45810131281428,"non-hv"
"62","AT1G27180","Chr1","CpG","Closed flower buds",108,5.31615760782427,"non-hv"
"63","AT1G27180","Chr1","CpG","Embryos",78,10.7543035668036,"non-hv"
"64","AT1G27180","Chr1","CpG","Rosette leaf",100,10.7393898585075,"non-hv"
"65","AT1G27180","Chr1","CpG","Rosette leaf",78,4.20885382423844,"non-hv"
"66","AT1G27180","Chr1","CpG","Closed flower buds",102,10.6755877484684,"non-hv"
"67","AT1G27180","Chr1","CpG","Embryos",94,5.32248678595263,"non-hv"
"68","AT1G27180","Chr1","CpG","Cauline leaf",96,8.25996197089947,"non-hv"
"69","AT1G31540","Chr1","CpG","Cauline leaf",55,0.245310245310245,"hv"
"70","AT1G31540","Chr1","CpG","Cauline leaf",47,0.425531914893617,"hv"
"71","AT1G31540","Chr1","CpG","Closed flower buds",52,0,"hv"
"72","AT1G31540","Chr1","CpG","Closed flower buds",45,0.203703703703704,"hv"
"73","AT1G31540","Chr1","CpG","Embryos",58,1.13767528955156,"hv"
"74","AT1G31540","Chr1","CpG","Embryos",42,0,"hv"
"75","AT1G31540","Chr1","CpG","Rosette leaf",58,0.604474548440066,"hv"
"76","AT1G31540","Chr1","CpG","Rosette leaf",51,0.562204679851738,"hv"
"77","AT1G50180","Chr1","CpG","Closed flower buds",33,32.0019854697274,"non-hv"
"78","AT1G50180","Chr1","CpG","Embryos",16,27.9655039098973,"non-hv"
"79","AT1G50180","Chr1","CpG","Cauline leaf",23,32.1889488033989,"non-hv"
"80","AT1G50180","Chr1","CpG","Rosette leaf",34,25.9035204991087,"non-hv"
"81","AT1G50180","Chr1","CpG","Cauline leaf",29,32.2440347009313,"non-hv"
"82","AT1G50180","Chr1","CpG","Rosette leaf",22,41.0206828657786,"non-hv"
"83","AT1G50180","Chr1","CpG","Closed flower buds",31,31.0779723819849,"non-hv"
"84","AT1G51480","Chr1","CpG","Embryos",27,0.300068587105624,"non-hv"
"85","AT1G51480","Chr1","CpG","Rosette leaf",14,0.132275132275132,"non-hv"
"86","AT1G51480","Chr1","CpG","Rosette leaf",12,0,"non-hv"
"87","AT1G51480","Chr1","CpG","Embryos",11,0,"non-hv"
"88","AT1G51480","Chr1","CpG","Cauline leaf",20,0.357142857142858,"non-hv"
"89","AT1G51480","Chr1","CpG","Closed flower buds",23,0.467641755159287,"non-hv"
"90","AT1G51480","Chr1","CpG","Closed flower buds",20,4.57563025210084,"non-hv"
"91","AT1G51480","Chr1","CpG","Cauline leaf",19,0,"non-hv"
"92","AT1G53350","Chr1","CpG","Cauline leaf",36,10.1737407926133,"non-hv"
"93","AT1G53350","Chr1","CpG","Rosette leaf",31,7.21442535958665,"non-hv"
"94","AT1G53350","Chr1","CpG","Cauline leaf",44,4.09313725490196,"non-hv"
"95","AT1G53350","Chr1","CpG","Embryos",37,3.500546000546,"non-hv"
"96","AT1G53350","Chr1","CpG","Closed flower buds",40,7.44456115779645,"non-hv"
"97","AT1G53350","Chr1","CpG","Closed flower buds",39,6.80289105062861,"non-hv"
"98","AT1G53350","Chr1","CpG","Rosette leaf",26,0,"non-hv"
"99","AT1G53350","Chr1","CpG","Embryos",23,0.135869565217391,"non-hv"
"100","AT1G56510","Chr1","CpG","Closed flower buds",55,3.35385247551023,"non-hv"
"101","AT1G56510","Chr1","CpG","Embryos",52,2.60473901098901,"non-hv"
"102","AT1G56510","Chr1","CpG","Cauline leaf",53,2.89488551281004,"non-hv"
"103","AT1G56510","Chr1","CpG","Rosette leaf",53,1.87032892499041,"non-hv"
"104","AT1G56510","Chr1","CpG","Embryos",48,3.74128186628187,"non-hv"
"105","AT1G56510","Chr1","CpG","Rosette leaf",41,3.67771563053976,"non-hv"
"106","AT1G56510","Chr1","CpG","Cauline leaf",49,2.03053748972116,"non-hv"
"107","AT1G56510","Chr1","CpG","Closed flower buds",61,2.20800749709391,"non-hv"
"108","AT1G56520","Chr1","CpG","Cauline leaf",70,1.4779252610135,"non-hv"
"109","AT1G56520","Chr1","CpG","Rosette leaf",60,0.309757735002833,"non-hv"
"110","AT1G56520","Chr1","CpG","Embryos",65,0.463208360267184,"non-hv"
"111","AT1G56520","Chr1","CpG","Closed flower buds",67,0.0831754539993531,"non-hv"
"112","AT1G56520","Chr1","CpG","Cauline leaf",66,0.326747060064893,"non-hv"
"113","AT1G56520","Chr1","CpG","Embryos",59,0.683713649815345,"non-hv"
"114","AT1G56520","Chr1","CpG","Closed flower buds",69,0.365501679860948,"non-hv"
"115","AT1G56540","Chr1","CpG","Closed flower buds",79,1.29113924050633,"non-hv"
"116","AT1G56540","Chr1","CpG","Rosette leaf",61,0.251423558622418,"non-hv"
"117","AT1G56540","Chr1","CpG","Cauline leaf",65,0.927350427350427,"non-hv"
"118","AT1G56540","Chr1","CpG","Embryos",41,0.420780100658149,"non-hv"
"119","AT1G56540","Chr1","CpG","Closed flower buds",64,0.34465602927774,"non-hv"
"120","AT1G56540","Chr1","CpG","Cauline leaf",51,0.438553347760509,"non-hv"
"121","AT1G56540","Chr1","CpG","Embryos",65,0.326265614727153,"non-hv"
"122","AT1G56540","Chr1","CpG","Rosette leaf",60,1.20783152033152,"non-hv"
"123","AT1G58390","Chr1","CpG","Closed flower buds",16,25.390625,"non-hv"
"124","AT1G58390","Chr1","CpG","Embryos",12,42.9545454545455,"non-hv"
"125","AT1G58390","Chr1","CpG","Cauline leaf",24,45.5996260683761,"non-hv"
"126","AT1G58390","Chr1","CpG","Closed flower buds",24,17.7464896214896,"non-hv"
"127","AT1G58390","Chr1","CpG","Rosette leaf",11,46.1227661227661,"non-hv"
"128","AT1G58390","Chr1","CpG","Rosette leaf",8,85.4380862193362,"non-hv"
"129","AT1G58390","Chr1","CpG","Cauline leaf",18,34.7156084656085,"non-hv"
"130","AT1G58400","Chr1","CpG","Cauline leaf",13,0,"non-hv"
"131","AT1G58400","Chr1","CpG","Rosette leaf",16,10.8491161616162,"non-hv"
"132","AT1G58400","Chr1","CpG","Cauline leaf",18,0,"non-hv"
"133","AT1G58400","Chr1","CpG","Rosette leaf",10,0.972222222222221,"non-hv"
"134","AT1G58400","Chr1","CpG","Closed flower buds",16,1.25,"non-hv"
"135","AT1G58400","Chr1","CpG","Closed flower buds",22,4.48863636363636,"non-hv"
"136","AT1G58400","Chr1","CpG","Embryos",10,0,"non-hv"
"137","AT1G58400","Chr1","CpG","Embryos",27,0.308641975308643,"non-hv"
"138","AT1G58410","Chr1","CpG","Closed flower buds",36,0.569610647938419,"non-hv"
"139","AT1G58410","Chr1","CpG","Closed flower buds",23,20.0372272654881,"non-hv"
"140","AT1G58410","Chr1","CpG","Cauline leaf",21,7.10978835978836,"non-hv"
"141","AT1G58410","Chr1","CpG","Cauline leaf",19,2.90919606709081,"non-hv"
"142","AT1G58410","Chr1","CpG","Embryos",17,22.7956197164902,"non-hv"
"143","AT1G58410","Chr1","CpG","Rosette leaf",20,21.8472222222222,"non-hv"
"144","AT1G58410","Chr1","CpG","Embryos",8,11.1111111111111,"non-hv"
"145","AT1G58410","Chr1","CpG","Rosette leaf",24,14.4728225886314,"non-hv"
"146","AT1G58602","Chr1","CpG","Cauline leaf",80,20.4338413877257,"hv"
"147","AT1G58602","Chr1","CpG","Rosette leaf",86,38.7380989488548,"hv"
"148","AT1G58602","Chr1","CpG","Embryos",51,19.638422579599,"hv"
"149","AT1G58602","Chr1","CpG","Embryos",59,15.4554711932578,"hv"
"150","AT1G58602","Chr1","CpG","Rosette leaf",66,24.2779936814028,"hv"
"151","AT1G58602","Chr1","CpG","Closed flower buds",103,32.8077094157191,"hv"
"152","AT1G58602","Chr1","CpG","Cauline leaf",68,37.5951989187283,"hv"
"153","AT1G58602","Chr1","CpG","Closed flower buds",96,25.6204082375957,"hv"
"154","AT1G58848","Chr1","CpG","Closed flower buds",4,1.78571428571429,"hv"
"155","AT1G58848","Chr1","CpG","Cauline leaf",3,0,"hv"
"156","AT1G58848","Chr1","CpG","Rosette leaf",2,0,"hv"
"157","AT1G58848","Chr1","CpG","Embryos",1,0,"hv"
"158","AT1G59620","Chr1","CpG","Embryos",13,0.213675213675214,"non-hv"
"159","AT1G59620","Chr1","CpG","Cauline leaf",22,0,"non-hv"
"160","AT1G59620","Chr1","CpG","Rosette leaf",14,0.714285714285714,"non-hv"
"161","AT1G59620","Chr1","CpG","Embryos",16,0,"non-hv"
"162","AT1G59620","Chr1","CpG","Closed flower buds",32,0.669642857142857,"non-hv"
"163","AT1G59620","Chr1","CpG","Rosette leaf",22,3.42171717171717,"non-hv"
"164","AT1G59620","Chr1","CpG","Cauline leaf",14,0.396825396825396,"non-hv"
"165","AT1G59620","Chr1","CpG","Closed flower buds",40,3.79517024721766,"non-hv"
"166","AT1G59780","Chr1","CpG","Embryos",41,2.64438048107189,"hv"
"167","AT1G59780","Chr1","CpG","Cauline leaf",46,2.96687682876941,"hv"
"168","AT1G59780","Chr1","CpG","Closed flower buds",60,6.47224112316991,"hv"
"169","AT1G59780","Chr1","CpG","Closed flower buds",54,8.37664988337031,"hv"
"170","AT1G59780","Chr1","CpG","Rosette leaf",52,4.13303043110735,"hv"
"171","AT1G59780","Chr1","CpG","Cauline leaf",33,0,"hv"
"172","AT1G59780","Chr1","CpG","Rosette leaf",43,0.23090269823296,"hv"
"173","AT1G59780","Chr1","CpG","Embryos",67,4.37989974370571,"hv"
"174","AT1G61180","Chr1","CpG","Embryos",38,7.06333849329205,"hv"
"175","AT1G61180","Chr1","CpG","Rosette leaf",34,3.17746548747376,"hv"
"176","AT1G61180","Chr1","CpG","Cauline leaf",42,0.738851095993954,"hv"
"177","AT1G61180","Chr1","CpG","Cauline leaf",32,6.07125946969697,"hv"
"178","AT1G61180","Chr1","CpG","Closed flower buds",52,9.9570154738424,"hv"
"179","AT1G61180","Chr1","CpG","Rosette leaf",38,5.84273182957394,"hv"
"180","AT1G61180","Chr1","CpG","Closed flower buds",41,0.396341463414634,"hv"
"181","AT1G61180","Chr1","CpG","Embryos",29,0.0783699059561129,"hv"
"182","AT1G61190","Chr1","CpG","Embryos",51,0.292755991285403,"hv"
"183","AT1G61190","Chr1","CpG","Closed flower buds",48,0.130208333333333,"hv"
"184","AT1G61190","Chr1","CpG","Rosette leaf",54,0.511039886039886,"hv"
"185","AT1G61190","Chr1","CpG","Closed flower buds",65,0.221050654249035,"hv"
"186","AT1G61190","Chr1","CpG","Cauline leaf",55,0.363247863247863,"hv"
"187","AT1G61190","Chr1","CpG","Cauline leaf",50,0.523517169105404,"hv"
"188","AT1G61190","Chr1","CpG","Embryos",26,0,"hv"
"189","AT1G61190","Chr1","CpG","Rosette leaf",38,0.415940534534717,"hv"
"190","AT1G61300","Chr1","CpG","Embryos",26,5.9096752606368,"hv"
"191","AT1G61300","Chr1","CpG","Closed flower buds",52,7.17720693049641,"hv"
"192","AT1G61300","Chr1","CpG","Rosette leaf",41,5.02455725535843,"hv"
"193","AT1G61300","Chr1","CpG","Cauline leaf",42,1.55631949749597,"hv"
"194","AT1G61300","Chr1","CpG","Rosette leaf",33,1.25291375291375,"hv"
"195","AT1G61300","Chr1","CpG","Cauline leaf",36,2.01729302832244,"hv"
"196","AT1G61300","Chr1","CpG","Closed flower buds",36,3.28730814793227,"hv"
"197","AT1G61300","Chr1","CpG","Embryos",40,3.99261849261849,"hv"
"198","AT1G61310","Chr1","CpG","Cauline leaf",42,1.70934328829066,"hv"
"199","AT1G61310","Chr1","CpG","Embryos",17,8.06372549019608,"hv"
"200","AT1G61310","Chr1","CpG","Closed flower buds",33,6.82553606237817,"hv"
"201","AT1G61310","Chr1","CpG","Closed flower buds",48,0.538194444444445,"hv"
"202","AT1G61310","Chr1","CpG","Cauline leaf",31,2.48533724340176,"hv"
"203","AT1G61310","Chr1","CpG","Rosette leaf",33,7.18253968253968,"hv"
"204","AT1G61310","Chr1","CpG","Embryos",40,3.27912528647823,"hv"
"205","AT1G61310","Chr1","CpG","Rosette leaf",32,1.66666666666667,"hv"
"206","AT1G62630","Chr1","CpG","Closed flower buds",36,0.846708522147119,"hv"
"207","AT1G62630","Chr1","CpG","Closed flower buds",50,1.91658456486043,"hv"
"208","AT1G62630","Chr1","CpG","Embryos",24,0.208333333333333,"hv"
"209","AT1G62630","Chr1","CpG","Rosette leaf",39,0.50976800976801,"hv"
"210","AT1G62630","Chr1","CpG","Rosette leaf",37,1.56809281809282,"hv"
"211","AT1G62630","Chr1","CpG","Embryos",40,0.122023809523809,"hv"
"212","AT1G62630","Chr1","CpG","Cauline leaf",42,1.16397392290249,"hv"
"213","AT1G63350","Chr1","CpG","Embryos",36,2.33587332239293,"non-hv"
"214","AT1G63350","Chr1","CpG","Rosette leaf",35,1.77315541601256,"non-hv"
"215","AT1G63350","Chr1","CpG","Closed flower buds",47,0.129067584480601,"non-hv"
"216","AT1G63350","Chr1","CpG","Closed flower buds",39,1.69742650511881,"non-hv"
"217","AT1G63350","Chr1","CpG","Cauline leaf",34,1.64274042950514,"non-hv"
"218","AT1G63350","Chr1","CpG","Embryos",27,0.538720538720539,"non-hv"
"219","AT1G63350","Chr1","CpG","Cauline leaf",31,0.281036168132942,"non-hv"
"220","AT1G63350","Chr1","CpG","Rosette leaf",39,0.0754147812971342,"non-hv"
"221","AT1G63360","Chr1","CpG","Cauline leaf",36,0.371546149323927,"hv"
"222","AT1G63360","Chr1","CpG","Embryos",23,0.11441647597254,"hv"
"223","AT1G63360","Chr1","CpG","Rosette leaf",38,0.746687618255124,"hv"
"224","AT1G63360","Chr1","CpG","Rosette leaf",36,2.85098173884939,"hv"
"225","AT1G63360","Chr1","CpG","Embryos",37,2.35905346199464,"hv"
"226","AT1G63360","Chr1","CpG","Closed flower buds",32,2.3828125,"hv"
"227","AT1G63360","Chr1","CpG","Cauline leaf",33,1.61314491959653,"hv"
"228","AT1G63360","Chr1","CpG","Closed flower buds",30,0.0476190476190477,"hv"
"229","AT1G63730","Chr1","CpG","Embryos",19,4.73684210526316,"non-hv"
"230","AT1G63730","Chr1","CpG","Cauline leaf",30,3.49242424242424,"non-hv"
"231","AT1G63730","Chr1","CpG","Rosette leaf",34,9.25936400201106,"non-hv"
"232","AT1G63730","Chr1","CpG","Rosette leaf",27,3.96825396825397,"non-hv"
"233","AT1G63730","Chr1","CpG","Embryos",28,0.909863945578232,"non-hv"
"234","AT1G63730","Chr1","CpG","Closed flower buds",33,9.03176501860712,"non-hv"
"235","AT1G63730","Chr1","CpG","Closed flower buds",42,7.06349206349206,"non-hv"
"236","AT1G63730","Chr1","CpG","Cauline leaf",26,3.60576923076923,"non-hv"
"237","AT1G63740","Chr1","CpG","Closed flower buds",50,29.6701460375373,"non-hv"
"238","AT1G63740","Chr1","CpG","Rosette leaf",33,19.1421979579874,"non-hv"
"239","AT1G63740","Chr1","CpG","Cauline leaf",38,35.0248660619159,"non-hv"
"240","AT1G63740","Chr1","CpG","Rosette leaf",47,45.6177082373891,"non-hv"
"241","AT1G63740","Chr1","CpG","Cauline leaf",62,40.5423445413958,"non-hv"
"242","AT1G63740","Chr1","CpG","Closed flower buds",56,38.64374097165,"non-hv"
"243","AT1G63740","Chr1","CpG","Embryos",45,34.0347655917831,"non-hv"
"244","AT1G63740","Chr1","CpG","Embryos",29,25.4791792700141,"non-hv"
"245","AT1G63750","Chr1","CpG","Rosette leaf",89,0.190304882055326,"non-hv"
"246","AT1G63750","Chr1","CpG","Closed flower buds",86,0.274778516057586,"non-hv"
"247","AT1G63750","Chr1","CpG","Cauline leaf",76,0.658066617335193,"non-hv"
"248","AT1G63750","Chr1","CpG","Embryos",55,0.0757575757575757,"non-hv"
"249","AT1G63750","Chr1","CpG","Rosette leaf",88,0.45730098842747,"non-hv"
"250","AT1G63750","Chr1","CpG","Closed flower buds",96,0.338845312207588,"non-hv"
"251","AT1G63750","Chr1","CpG","Cauline leaf",83,0,"non-hv"
"252","AT1G63750","Chr1","CpG","Embryos",96,0.179929034781008,"non-hv"
"253","AT1G63870","Chr1","CpG","Cauline leaf",53,0.614517819706499,"non-hv"
"254","AT1G63870","Chr1","CpG","Cauline leaf",50,3.23249700337801,"non-hv"
"255","AT1G63870","Chr1","CpG","Closed flower buds",56,0.504197478586576,"non-hv"
"256","AT1G63870","Chr1","CpG","Rosette leaf",55,2.00056761420398,"non-hv"
"257","AT1G63870","Chr1","CpG","Closed flower buds",65,4.63014763014763,"non-hv"
"258","AT1G63870","Chr1","CpG","Embryos",47,3.79615256805495,"non-hv"
"259","AT1G63870","Chr1","CpG","Rosette leaf",46,6.63310945347559,"non-hv"
"260","AT1G63870","Chr1","CpG","Embryos",55,1.64512871264208,"non-hv"
"261","AT1G63880","Chr1","CpG","Cauline leaf",64,1.857442606977,"non-hv"
"262","AT1G63880","Chr1","CpG","Rosette leaf",65,1.55229737582679,"non-hv"
"263","AT1G63880","Chr1","CpG","Closed flower buds",68,0.212292433313195,"non-hv"
"264","AT1G63880","Chr1","CpG","Closed flower buds",83,1.61169152133008,"non-hv"
"265","AT1G63880","Chr1","CpG","Cauline leaf",68,0.468877527701057,"non-hv"
"266","AT1G63880","Chr1","CpG","Embryos",61,0.25821173362157,"non-hv"
"267","AT1G63880","Chr1","CpG","Embryos",72,0.241815476190476,"non-hv"
"268","AT1G63880","Chr1","CpG","Rosette leaf",53,0.387442745933312,"non-hv"
"269","AT1G64070","Chr1","CpG","Embryos",20,14.6306818181818,"non-hv"
"270","AT1G64070","Chr1","CpG","Cauline leaf",37,2.42950742950743,"non-hv"
"271","AT1G64070","Chr1","CpG","Embryos",48,3.25980392156863,"non-hv"
"272","AT1G64070","Chr1","CpG","Closed flower buds",44,3.5945473527589,"non-hv"
"273","AT1G64070","Chr1","CpG","Rosette leaf",37,2.4226072252388,"non-hv"
"274","AT1G64070","Chr1","CpG","Rosette leaf",41,0.365853658536585,"non-hv"
"275","AT1G64070","Chr1","CpG","Closed flower buds",43,2.7470397819235,"non-hv"
"276","AT1G64070","Chr1","CpG","Cauline leaf",30,1.90740740740741,"non-hv"
"277","AT1G65850","Chr1","CpG","Embryos",24,0.297619047619048,"non-hv"
"278","AT1G65850","Chr1","CpG","Rosette leaf",29,0.301724137931034,"non-hv"
"279","AT1G65850","Chr1","CpG","Cauline leaf",22,0,"non-hv"
"280","AT1G65850","Chr1","CpG","Cauline leaf",35,0.285714285714286,"non-hv"
"281","AT1G65850","Chr1","CpG","Rosette leaf",16,0.260416666666667,"non-hv"
"282","AT1G65850","Chr1","CpG","Closed flower buds",36,0.627805836139169,"non-hv"
"283","AT1G65850","Chr1","CpG","Embryos",32,0.536858974358975,"non-hv"
"284","AT1G65850","Chr1","CpG","Closed flower buds",37,0.43972543972544,"non-hv"
"285","AT1G69550","Chr1","CpG","Closed flower buds",55,0.167748917748918,"hv"
"286","AT1G69550","Chr1","CpG","Rosette leaf",49,0,"hv"
"287","AT1G69550","Chr1","CpG","Cauline leaf",39,0.116550116550117,"hv"
"288","AT1G69550","Chr1","CpG","Closed flower buds",61,0,"hv"
"289","AT1G69550","Chr1","CpG","Rosette leaf",52,0.448277683854607,"hv"
"290","AT1G69550","Chr1","CpG","Embryos",42,0.0661375661375662,"hv"
"291","AT1G69550","Chr1","CpG","Embryos",50,0.142857142857143,"hv"
"292","AT1G69550","Chr1","CpG","Cauline leaf",54,0.493667407918615,"hv"
"293","AT1G72840","Chr1","CpG","Closed flower buds",104,6.07862986278978,"non-hv"
"294","AT1G72840","Chr1","CpG","Rosette leaf",91,2.70765864172458,"non-hv"
"295","AT1G72840","Chr1","CpG","Cauline leaf",80,5.90630851868942,"non-hv"
"296","AT1G72840","Chr1","CpG","Rosette leaf",80,5.51792371675284,"non-hv"
"297","AT1G72840","Chr1","CpG","Cauline leaf",100,4.02163929766484,"non-hv"
"298","AT1G72840","Chr1","CpG","Closed flower buds",98,5.16181443296255,"non-hv"
"299","AT1G72840","Chr1","CpG","Embryos",93,5.14276086637072,"non-hv"
"300","AT1G72840","Chr1","CpG","Embryos",73,5.48331972888782,"non-hv"
"301","AT1G72860","Chr1","CpG","Cauline leaf",91,2.7932413336974,"non-hv"
"302","AT1G72860","Chr1","CpG","Rosette leaf",68,2.25129359804282,"non-hv"
"303","AT1G72860","Chr1","CpG","Closed flower buds",90,3.45956038349399,"non-hv"
"304","AT1G72860","Chr1","CpG","Closed flower buds",83,2.84047104643733,"non-hv"
"305","AT1G72860","Chr1","CpG","Rosette leaf",77,2.32028072937164,"non-hv"
"306","AT1G72860","Chr1","CpG","Embryos",64,2.98171446608947,"non-hv"
"307","AT1G72860","Chr1","CpG","Cauline leaf",68,1.15169552669553,"non-hv"
"308","AT1G72860","Chr1","CpG","Embryos",76,2.35345794556321,"non-hv"
"309","AT2G14080","Chr2","CpG","Closed flower buds",50,0.749732620320856,"hv"
"310","AT2G14080","Chr2","CpG","Closed flower buds",63,1.61519106067978,"hv"
"311","AT2G14080","Chr2","CpG","Embryos",38,0.06265664160401,"hv"
"312","AT2G14080","Chr2","CpG","Embryos",49,1.35814108251996,"hv"
"313","AT2G14080","Chr2","CpG","Cauline leaf",48,2.31576872201872,"hv"
"314","AT2G14080","Chr2","CpG","Rosette leaf",42,0.181704260651629,"hv"
"315","AT2G14080","Chr2","CpG","Rosette leaf",48,2.14285714285714,"hv"
"316","AT2G14080","Chr2","CpG","Cauline leaf",45,0.671111749543122,"hv"
"317","AT2G16870","Chr2","CpG","Rosette leaf",39,22.7993368061688,"non-hv"
"318","AT2G16870","Chr2","CpG","Embryos",37,10.7314044814045,"non-hv"
"319","AT2G16870","Chr2","CpG","Cauline leaf",50,30.5997222222222,"non-hv"
"320","AT2G16870","Chr2","CpG","Closed flower buds",43,16.6478008759484,"non-hv"
"321","AT2G16870","Chr2","CpG","Closed flower buds",65,29.6931245871536,"non-hv"
"322","AT2G16870","Chr2","CpG","Cauline leaf",46,32.423632883296,"non-hv"
"323","AT2G16870","Chr2","CpG","Embryos",40,28.7462692075477,"non-hv"
"324","AT2G17060","Chr2","CpG","Cauline leaf",59,2.79163045052876,"non-hv"
"325","AT2G17060","Chr2","CpG","Cauline leaf",66,0.288671023965142,"non-hv"
"326","AT2G17060","Chr2","CpG","Closed flower buds",77,0.432882802243705,"non-hv"
"327","AT2G17060","Chr2","CpG","Rosette leaf",63,0.806720836482742,"non-hv"
"328","AT2G17060","Chr2","CpG","Embryos",62,0.406981340923466,"non-hv"
"329","AT2G17060","Chr2","CpG","Embryos",74,0.323133411368706,"non-hv"
"330","AT2G17060","Chr2","CpG","Closed flower buds",87,2.14463521729925,"non-hv"
"331","AT2G17060","Chr2","CpG","Rosette leaf",69,0.259975531714662,"non-hv"
"332","AT3G04220","Chr3","CpG","Embryos",48,3.45595376845377,"non-hv"
"333","AT3G04220","Chr3","CpG","Embryos",31,9.21589163524648,"non-hv"
"334","AT3G04220","Chr3","CpG","Closed flower buds",59,7.99134758008138,"non-hv"
"335","AT3G04220","Chr3","CpG","Cauline leaf",57,7.40367332472596,"non-hv"
"336","AT3G04220","Chr3","CpG","Closed flower buds",69,6.65328230545622,"non-hv"
"337","AT3G04220","Chr3","CpG","Cauline leaf",62,5.14583087163732,"non-hv"
"338","AT3G04220","Chr3","CpG","Rosette leaf",53,2.75478721857745,"non-hv"
"339","AT3G04220","Chr3","CpG","Rosette leaf",41,4.82578397212544,"non-hv"
"340","AT3G07040","Chr3","CpG","Embryos",64,5.29532616331789,"non-hv"
"341","AT3G07040","Chr3","CpG","Cauline leaf",62,3.30483194170184,"non-hv"
"342","AT3G07040","Chr3","CpG","Rosette leaf",67,3.14247015300571,"non-hv"
"343","AT3G07040","Chr3","CpG","Cauline leaf",70,4.73269191126334,"non-hv"
"344","AT3G07040","Chr3","CpG","Rosette leaf",62,6.29700193860535,"non-hv"
"345","AT3G07040","Chr3","CpG","Embryos",48,0.947712418300654,"non-hv"
"346","AT3G07040","Chr3","CpG","Closed flower buds",69,9.28157336274447,"non-hv"
"347","AT3G07040","Chr3","CpG","Closed flower buds",66,4.74848592318935,"non-hv"
"348","AT3G14460","Chr3","CpG","Closed flower buds",49,43.5050186175459,"non-hv"
"349","AT3G14460","Chr3","CpG","Embryos",37,53.3876097033992,"non-hv"
"350","AT3G14460","Chr3","CpG","Rosette leaf",50,46.1489925837836,"non-hv"
"351","AT3G14460","Chr3","CpG","Embryos",40,46.8608678419534,"non-hv"
"352","AT3G14460","Chr3","CpG","Closed flower buds",44,49.4716308708621,"non-hv"
"353","AT3G14460","Chr3","CpG","Cauline leaf",47,47.8612192723446,"non-hv"
"354","AT3G14460","Chr3","CpG","Cauline leaf",42,39.7932352732316,"non-hv"
"355","AT3G14470","Chr3","CpG","Rosette leaf",65,29.0488396095036,"non-hv"
"356","AT3G14470","Chr3","CpG","Cauline leaf",73,36.0424345441469,"non-hv"
"357","AT3G14470","Chr3","CpG","Embryos",62,22.0446198656088,"non-hv"
"358","AT3G14470","Chr3","CpG","Rosette leaf",60,36.4219133912682,"non-hv"
"359","AT3G14470","Chr3","CpG","Cauline leaf",65,28.3268529088069,"non-hv"
"360","AT3G14470","Chr3","CpG","Closed flower buds",74,35.5881286901538,"non-hv"
"361","AT3G14470","Chr3","CpG","Closed flower buds",62,26.5345159716241,"non-hv"
"362","AT3G14470","Chr3","CpG","Embryos",47,28.3622593509953,"non-hv"
"363","AT3G25510","Chr3","CpG","Rosette leaf",42,6.80112759944693,"non-hv"
"364","AT3G25510","Chr3","CpG","Cauline leaf",22,4.14502164502164,"non-hv"
"365","AT3G25510","Chr3","CpG","Embryos",33,5.33429533429533,"non-hv"
"366","AT3G25510","Chr3","CpG","Rosette leaf",38,8.13805346700084,"non-hv"
"367","AT3G25510","Chr3","CpG","Embryos",32,8.03199404761905,"non-hv"
"368","AT3G25510","Chr3","CpG","Closed flower buds",40,3.96627647714604,"non-hv"
"369","AT3G25510","Chr3","CpG","Cauline leaf",35,1.63780663780664,"non-hv"
"370","AT3G44400","Chr3","CpG","Cauline leaf",42,0.343741297688666,"hv"
"371","AT3G44400","Chr3","CpG","Cauline leaf",35,0.796964939822083,"hv"
"372","AT3G44400","Chr3","CpG","Closed flower buds",48,7.40205685518186,"hv"
"373","AT3G44400","Chr3","CpG","Closed flower buds",59,0.211864406779661,"hv"
"374","AT3G44400","Chr3","CpG","Rosette leaf",52,0.297619047619048,"hv"
"375","AT3G44400","Chr3","CpG","Embryos",31,5.88234546532509,"hv"
"376","AT3G44400","Chr3","CpG","Embryos",20,0.525793650793651,"hv"
"377","AT3G44400","Chr3","CpG","Rosette leaf",46,2.25999073724936,"hv"
"378","AT3G44480","Chr3","CpG","Closed flower buds",39,11.1819430569431,"hv"
"379","AT3G44480","Chr3","CpG","Rosette leaf",39,2.56410256410256,"hv"
"380","AT3G44480","Chr3","CpG","Embryos",22,4.75206611570248,"hv"
"381","AT3G44480","Chr3","CpG","Embryos",34,10.5454729738785,"hv"
"382","AT3G44480","Chr3","CpG","Rosette leaf",35,7.9534632034632,"hv"
"383","AT3G44480","Chr3","CpG","Cauline leaf",19,0.745614035087719,"hv"
"384","AT3G44480","Chr3","CpG","Closed flower buds",47,5.15013153451003,"hv"
"385","AT3G44480","Chr3","CpG","Cauline leaf",17,10.5957767722474,"hv"
"386","AT3G44630","Chr3","CpG","Embryos",37,7.71450021450022,"hv"
"387","AT3G44630","Chr3","CpG","Closed flower buds",34,11.0866013071895,"hv"
"388","AT3G44630","Chr3","CpG","Embryos",23,0,"hv"
"389","AT3G44630","Chr3","CpG","Closed flower buds",41,0,"hv"
"390","AT3G44630","Chr3","CpG","Rosette leaf",25,0.125,"hv"
"391","AT3G44630","Chr3","CpG","Rosette leaf",37,6.01351351351351,"hv"
"392","AT3G44630","Chr3","CpG","Cauline leaf",33,10.477392977393,"hv"
"393","AT3G44630","Chr3","CpG","Cauline leaf",32,0,"hv"
"394","AT3G44670","Chr3","CpG","Cauline leaf",35,10.3708513708514,"hv"
"395","AT3G44670","Chr3","CpG","Rosette leaf",28,15.6607529375386,"hv"
"396","AT3G44670","Chr3","CpG","Closed flower buds",54,0.254278900112234,"hv"
"397","AT3G44670","Chr3","CpG","Cauline leaf",46,0.193077803203661,"hv"
"398","AT3G44670","Chr3","CpG","Embryos",43,16.6824532936204,"hv"
"399","AT3G44670","Chr3","CpG","Embryos",31,0.602598566308244,"hv"
"400","AT3G44670","Chr3","CpG","Rosette leaf",39,0,"hv"
"401","AT3G44670","Chr3","CpG","Closed flower buds",37,8.6475273975274,"hv"
"402","AT3G46530","Chr3","CpG","Closed flower buds",36,0,"hv"
"403","AT3G46530","Chr3","CpG","Rosette leaf",29,0,"hv"
"404","AT3G46530","Chr3","CpG","Cauline leaf",33,0.52331723885976,"hv"
"405","AT3G46530","Chr3","CpG","Embryos",27,0,"hv"
"406","AT3G46530","Chr3","CpG","Embryos",21,0,"hv"
"407","AT3G46530","Chr3","CpG","Rosette leaf",28,0.558035714285715,"hv"
"408","AT3G46530","Chr3","CpG","Closed flower buds",38,0.515478426025964,"hv"
"409","AT3G46530","Chr3","CpG","Cauline leaf",23,0,"hv"
"410","AT3G46710","Chr3","CpG","Cauline leaf",43,0.452196382428941,"non-hv"
"411","AT3G46710","Chr3","CpG","Embryos",38,2.68092105263158,"non-hv"
"412","AT3G46710","Chr3","CpG","Closed flower buds",44,5.15712191848555,"non-hv"
"413","AT3G46710","Chr3","CpG","Rosette leaf",53,8.88521331917559,"non-hv"
"414","AT3G46710","Chr3","CpG","Rosette leaf",49,10.6862392370938,"non-hv"
"415","AT3G46710","Chr3","CpG","Embryos",44,6.79531371998087,"non-hv"
"416","AT3G46710","Chr3","CpG","Closed flower buds",56,4.98032948234561,"non-hv"
"417","AT3G46710","Chr3","CpG","Cauline leaf",50,6.4020202020202,"non-hv"
"418","AT3G46730","Chr3","CpG","Closed flower buds",8,0,"non-hv"
"419","AT3G46730","Chr3","CpG","Embryos",14,0,"non-hv"
"420","AT3G46730","Chr3","CpG","Closed flower buds",19,8.37449984610649,"non-hv"
"421","AT3G46730","Chr3","CpG","Cauline leaf",14,0.297619047619048,"non-hv"
"422","AT3G46730","Chr3","CpG","Rosette leaf",17,0,"non-hv"
"423","AT3G46730","Chr3","CpG","Embryos",6,1.19047619047619,"non-hv"
"424","AT3G46730","Chr3","CpG","Rosette leaf",13,4.58485958485958,"non-hv"
"425","AT3G46730","Chr3","CpG","Cauline leaf",12,5.13221153846154,"non-hv"
"426","AT3G50950","Chr3","CpG","Rosette leaf",68,56.899530688458,"non-hv"
"427","AT3G50950","Chr3","CpG","Rosette leaf",80,47.4789228421502,"non-hv"
"428","AT3G50950","Chr3","CpG","Cauline leaf",71,58.3359257268639,"non-hv"
"429","AT3G50950","Chr3","CpG","Embryos",73,57.423237885794,"non-hv"
"430","AT3G50950","Chr3","CpG","Closed flower buds",75,53.5066538345264,"non-hv"
"431","AT3G50950","Chr3","CpG","Embryos",40,67.7348070638512,"non-hv"
"432","AT3G50950","Chr3","CpG","Closed flower buds",86,53.90091678298,"non-hv"
"433","AT3G50950","Chr3","CpG","Cauline leaf",88,50.2317335667753,"non-hv"
"434","AT3G51560","Chr3","CpG","Embryos",61,2.61310758779418,"non-hv"
"435","AT3G51560","Chr3","CpG","Rosette leaf",63,2.05300460469633,"non-hv"
"436","AT3G51560","Chr3","CpG","Rosette leaf",69,2.02195680136857,"non-hv"
"437","AT3G51560","Chr3","CpG","Embryos",54,2.28543088923206,"non-hv"
"438","AT3G51560","Chr3","CpG","Closed flower buds",67,1.35565633793384,"non-hv"
"439","AT3G51560","Chr3","CpG","Cauline leaf",72,3.03388614106816,"non-hv"
"440","AT3G51560","Chr3","CpG","Closed flower buds",76,1.19540380567891,"non-hv"
"441","AT3G51560","Chr3","CpG","Cauline leaf",63,1.46503609495328,"non-hv"
"442","AT3G51570","Chr3","CpG","Cauline leaf",46,8.16095740008783,"non-hv"
"443","AT3G51570","Chr3","CpG","Cauline leaf",40,9.91682847381377,"non-hv"
"444","AT3G51570","Chr3","CpG","Rosette leaf",60,10.3808598200046,"non-hv"
"445","AT3G51570","Chr3","CpG","Embryos",41,8.51441241685144,"non-hv"
"446","AT3G51570","Chr3","CpG","Closed flower buds",61,9.76420929868374,"non-hv"
"447","AT3G51570","Chr3","CpG","Closed flower buds",57,8.37443988759778,"non-hv"
"448","AT3G51570","Chr3","CpG","Embryos",49,7.32915893630179,"non-hv"
"449","AT3G51570","Chr3","CpG","Rosette leaf",36,1.31313131313131,"non-hv"
"450","AT4G08450","Chr4","CpG","Rosette leaf",22,8.62914862914863,"non-hv"
"451","AT4G08450","Chr4","CpG","Cauline leaf",19,20.0655046707678,"non-hv"
"452","AT4G08450","Chr4","CpG","Rosette leaf",36,24.7669650312517,"non-hv"
"453","AT4G08450","Chr4","CpG","Closed flower buds",38,13.9604584012479,"non-hv"
"454","AT4G08450","Chr4","CpG","Embryos",26,3.20512820512821,"non-hv"
"455","AT4G08450","Chr4","CpG","Embryos",17,9.80392156862745,"non-hv"
"456","AT4G08450","Chr4","CpG","Closed flower buds",39,14.738885841827,"non-hv"
"457","AT4G09430","Chr4","CpG","Rosette leaf",21,18.1869717584003,"non-hv"
"458","AT4G09430","Chr4","CpG","Closed flower buds",29,16.6138665807601,"non-hv"
"459","AT4G09430","Chr4","CpG","Cauline leaf",25,14.0764652014652,"non-hv"
"460","AT4G09430","Chr4","CpG","Embryos",25,20.9367604617605,"non-hv"
"461","AT4G09430","Chr4","CpG","Cauline leaf",24,21.4715492840493,"non-hv"
"462","AT4G09430","Chr4","CpG","Embryos",19,24.4805194805195,"non-hv"
"463","AT4G09430","Chr4","CpG","Closed flower buds",31,14.125572694558,"non-hv"
"464","AT4G09430","Chr4","CpG","Rosette leaf",23,18.5311488028879,"non-hv"
"465","AT4G10780","Chr4","CpG","Cauline leaf",28,0.607884179312751,"non-hv"
"466","AT4G10780","Chr4","CpG","Closed flower buds",28,0.587000012730207,"non-hv"
"467","AT4G10780","Chr4","CpG","Rosette leaf",21,0.539656422009363,"non-hv"
"468","AT4G10780","Chr4","CpG","Embryos",24,0.130208333333333,"non-hv"
"469","AT4G10780","Chr4","CpG","Embryos",19,0,"non-hv"
"470","AT4G10780","Chr4","CpG","Rosette leaf",27,0.246913580246914,"non-hv"
"471","AT4G10780","Chr4","CpG","Cauline leaf",23,0.547870004391743,"non-hv"
"472","AT4G11170","Chr4","CpG","Rosette leaf",43,0.0830564784053156,"hv"
"473","AT4G11170","Chr4","CpG","Embryos",29,0.370721232790198,"hv"
"474","AT4G11170","Chr4","CpG","Closed flower buds",56,0.442890442890443,"hv"
"475","AT4G11170","Chr4","CpG","Cauline leaf",49,0.235111588495047,"hv"
"476","AT4G11170","Chr4","CpG","Embryos",35,0.0952380952380953,"hv"
"477","AT4G11170","Chr4","CpG","Closed flower buds",51,0.221068819684737,"hv"
"478","AT4G11170","Chr4","CpG","Cauline leaf",48,0.0744047619047619,"hv"
"479","AT4G11170","Chr4","CpG","Rosette leaf",45,0.354261425167858,"hv"
"480","AT4G12010","Chr4","CpG","Rosette leaf",63,24.1619870558946,"non-hv"
"481","AT4G12010","Chr4","CpG","Cauline leaf",69,19.7423068075242,"non-hv"
"482","AT4G12010","Chr4","CpG","Closed flower buds",80,24.1664605504311,"non-hv"
"483","AT4G12010","Chr4","CpG","Cauline leaf",59,19.512367686595,"non-hv"
"484","AT4G12010","Chr4","CpG","Embryos",74,17.792060477962,"non-hv"
"485","AT4G12010","Chr4","CpG","Embryos",58,26.9741752500373,"non-hv"
"486","AT4G12010","Chr4","CpG","Rosette leaf",72,23.723284563471,"non-hv"
"487","AT4G12010","Chr4","CpG","Closed flower buds",88,25.5662273581681,"non-hv"
"488","AT4G14370","Chr4","CpG","Embryos",38,15.2011462479729,"non-hv"
"489","AT4G14370","Chr4","CpG","Embryos",26,4.63718346870521,"non-hv"
"490","AT4G14370","Chr4","CpG","Closed flower buds",56,9.50602911695902,"non-hv"
"491","AT4G14370","Chr4","CpG","Cauline leaf",37,9.9280985310397,"non-hv"
"492","AT4G14370","Chr4","CpG","Rosette leaf",49,3.04988662131519,"non-hv"
"493","AT4G14370","Chr4","CpG","Rosette leaf",38,8.60275689223058,"non-hv"
"494","AT4G14370","Chr4","CpG","Closed flower buds",52,9.65747793872794,"non-hv"
"495","AT4G14370","Chr4","CpG","Cauline leaf",36,9.17222823472824,"non-hv"
"496","AT4G16860","Chr4","CpG","Rosette leaf",33,42.2472392926938,"hv"
"497","AT4G16860","Chr4","CpG","Closed flower buds",22,24.0342527842528,"hv"
"498","AT4G16860","Chr4","CpG","Cauline leaf",21,38.3961210746925,"hv"
"499","AT4G16860","Chr4","CpG","Embryos",16,23.7890625,"hv"
"500","AT4G16860","Chr4","CpG","Closed flower buds",26,41.9940476190476,"hv"
"501","AT4G16860","Chr4","CpG","Cauline leaf",14,39.4762712777419,"hv"
"502","AT4G16860","Chr4","CpG","Rosette leaf",13,38.6752136752137,"hv"
"503","AT4G16890","Chr4","CpG","Cauline leaf",81,11.7657171360875,"hv"
"504","AT4G16890","Chr4","CpG","Embryos",89,12.7808973174142,"hv"
"505","AT4G16890","Chr4","CpG","Rosette leaf",71,11.5719130243778,"hv"
"506","AT4G16890","Chr4","CpG","Cauline leaf",83,10.4709401945405,"hv"
"507","AT4G16890","Chr4","CpG","Closed flower buds",96,14.9381845006845,"hv"
"508","AT4G16890","Chr4","CpG","Closed flower buds",88,14.5962245577623,"hv"
"509","AT4G16890","Chr4","CpG","Rosette leaf",80,14.2361994998895,"hv"
"510","AT4G16890","Chr4","CpG","Embryos",59,13.4404942985451,"hv"
"511","AT4G16900","Chr4","CpG","Cauline leaf",38,56.1805555555556,"non-hv"
"512","AT4G16900","Chr4","CpG","Embryos",19,17.312030075188,"non-hv"
"513","AT4G16900","Chr4","CpG","Rosette leaf",64,37.2877632350289,"non-hv"
"514","AT4G16900","Chr4","CpG","Closed flower buds",55,28.5289558925923,"non-hv"
"515","AT4G16900","Chr4","CpG","Rosette leaf",32,27.9348169191919,"non-hv"
"516","AT4G16900","Chr4","CpG","Closed flower buds",58,30.1303563534167,"non-hv"
"517","AT4G16900","Chr4","CpG","Cauline leaf",69,28.7251154642459,"non-hv"
"518","AT4G16900","Chr4","CpG","Embryos",37,31.8405695611578,"non-hv"
"519","AT4G16920","Chr4","CpG","Cauline leaf",55,17.8480528681063,"hv"
"520","AT4G16920","Chr4","CpG","Embryos",43,20.0364525655223,"hv"
"521","AT4G16920","Chr4","CpG","Rosette leaf",45,14.5912420912421,"hv"
"522","AT4G16920","Chr4","CpG","Closed flower buds",55,20.9309562986034,"hv"
"523","AT4G16920","Chr4","CpG","Closed flower buds",59,24.1071698254241,"hv"
"524","AT4G16920","Chr4","CpG","Cauline leaf",47,24.5701432137602,"hv"
"525","AT4G16920","Chr4","CpG","Embryos",42,11.9293566044174,"hv"
"526","AT4G16920","Chr4","CpG","Rosette leaf",46,19.6614186908063,"hv"
"527","AT4G16940","Chr4","CpG","Embryos",64,1.67844742063492,"hv"
"528","AT4G16940","Chr4","CpG","Closed flower buds",67,1.61427709935173,"hv"
"529","AT4G16940","Chr4","CpG","Closed flower buds",59,1.41108420769438,"hv"
"530","AT4G16940","Chr4","CpG","Rosette leaf",42,2.01972734867472,"hv"
"531","AT4G16940","Chr4","CpG","Cauline leaf",48,1.6468253968254,"hv"
"532","AT4G16940","Chr4","CpG","Rosette leaf",51,0.430359786935369,"hv"
"533","AT4G16940","Chr4","CpG","Cauline leaf",54,0.102880658436214,"hv"
"534","AT4G16940","Chr4","CpG","Embryos",36,0.231481481481482,"hv"
"535","AT4G16950","Chr4","CpG","Embryos",32,3.05803571428571,"hv"
"536","AT4G16950","Chr4","CpG","Rosette leaf",46,1.67154403567447,"hv"
"537","AT4G16950","Chr4","CpG","Embryos",37,2.95032427385368,"hv"
"538","AT4G16950","Chr4","CpG","Closed flower buds",55,4.91395227579438,"hv"
"539","AT4G16950","Chr4","CpG","Rosette leaf",39,3.57346357346357,"hv"
"540","AT4G16950","Chr4","CpG","Cauline leaf",58,4.11976420937401,"hv"
"541","AT4G16950","Chr4","CpG","Cauline leaf",45,0.0462962962962963,"hv"
"542","AT4G16950","Chr4","CpG","Closed flower buds",46,3.57201675136458,"hv"
"543","AT4G16960","Chr4","CpG","Embryos",15,0,"hv"
"544","AT4G16960","Chr4","CpG","Cauline leaf",22,5.48701298701299,"hv"
"545","AT4G16960","Chr4","CpG","Cauline leaf",12,0,"hv"
"546","AT4G16960","Chr4","CpG","Rosette leaf",27,8.07172251616696,"hv"
"547","AT4G16960","Chr4","CpG","Closed flower buds",23,5.8695652173913,"hv"
"548","AT4G16960","Chr4","CpG","Rosette leaf",18,12.9182044807045,"hv"
"549","AT4G16960","Chr4","CpG","Embryos",21,14.0635951350237,"hv"
"550","AT4G16960","Chr4","CpG","Closed flower buds",26,3.40236686390533,"hv"
"551","AT4G19050","Chr4","CpG","Embryos",51,38.1986373046745,"non-hv"
"552","AT4G19050","Chr4","CpG","Rosette leaf",80,32.5852772214465,"non-hv"
"553","AT4G19050","Chr4","CpG","Embryos",59,26.4446264658129,"non-hv"
"554","AT4G19050","Chr4","CpG","Closed flower buds",73,36.0048632323393,"non-hv"
"555","AT4G19050","Chr4","CpG","Rosette leaf",68,31.179181142503,"non-hv"
"556","AT4G19050","Chr4","CpG","Cauline leaf",58,25.4494943021819,"non-hv"
"557","AT4G19050","Chr4","CpG","Closed flower buds",68,35.8708920560367,"non-hv"
"558","AT4G19050","Chr4","CpG","Cauline leaf",63,30.9520215752709,"non-hv"
"559","AT4G19510","Chr4","CpG","Rosette leaf",72,24.6393119542195,"non-hv"
"560","AT4G19510","Chr4","CpG","Embryos",83,19.8873688127763,"non-hv"
"561","AT4G19510","Chr4","CpG","Cauline leaf",81,21.2657786490716,"non-hv"
"562","AT4G19510","Chr4","CpG","Embryos",62,18.3170122887865,"non-hv"
"563","AT4G19510","Chr4","CpG","Cauline leaf",63,26.7225510380272,"non-hv"
"564","AT4G19510","Chr4","CpG","Closed flower buds",73,24.6688901795671,"non-hv"
"565","AT4G19510","Chr4","CpG","Rosette leaf",65,17.3131313131313,"non-hv"
"566","AT4G19510","Chr4","CpG","Closed flower buds",83,19.3963171248784,"non-hv"
"567","AT4G19530","Chr4","CpG","Closed flower buds",99,1.26947282744384,"non-hv"
"568","AT4G19530","Chr4","CpG","Embryos",73,1.42797841427978,"non-hv"
"569","AT4G19530","Chr4","CpG","Closed flower buds",102,2.26027975292681,"non-hv"
"570","AT4G19530","Chr4","CpG","Cauline leaf",95,2.02855523977408,"non-hv"
"571","AT4G19530","Chr4","CpG","Cauline leaf",92,2.3669177409166,"non-hv"
"572","AT4G19530","Chr4","CpG","Rosette leaf",85,0.292243367935409,"non-hv"
"573","AT4G19530","Chr4","CpG","Embryos",89,2.10916167624694,"non-hv"
"574","AT4G19530","Chr4","CpG","Rosette leaf",89,2.30692777883789,"non-hv"
"575","AT4G27190","Chr4","CpG","Embryos",24,4.28304334554334,"non-hv"
"576","AT4G27190","Chr4","CpG","Cauline leaf",35,3.06360068502926,"non-hv"
"577","AT4G27190","Chr4","CpG","Closed flower buds",48,3.34734858928407,"non-hv"
"578","AT4G27190","Chr4","CpG","Rosette leaf",51,2.13755743167508,"non-hv"
"579","AT4G27190","Chr4","CpG","Embryos",39,2.71418396418396,"non-hv"
"580","AT4G27190","Chr4","CpG","Cauline leaf",38,2.81954887218045,"non-hv"
"581","AT4G27190","Chr4","CpG","Closed flower buds",50,10.1621243952126,"non-hv"
"582","AT4G27190","Chr4","CpG","Rosette leaf",42,1.45367826617827,"non-hv"
"583","AT4G27220","Chr4","CpG","Embryos",30,0.196759259259259,"non-hv"
"584","AT4G27220","Chr4","CpG","Rosette leaf",39,0.302706552706553,"non-hv"
"585","AT4G27220","Chr4","CpG","Closed flower buds",44,0.305858913813459,"non-hv"
"586","AT4G27220","Chr4","CpG","Cauline leaf",42,0.259038800705467,"non-hv"
"587","AT4G27220","Chr4","CpG","Embryos",46,0,"non-hv"
"588","AT4G27220","Chr4","CpG","Cauline leaf",40,0,"non-hv"
"589","AT4G27220","Chr4","CpG","Closed flower buds",50,0.342857142857143,"non-hv"
"590","AT4G27220","Chr4","CpG","Rosette leaf",36,0.0771604938271606,"non-hv"
"591","AT4G33300","Chr4","CpG","Rosette leaf",78,22.887034149686,"non-hv"
"592","AT4G33300","Chr4","CpG","Embryos",69,21.4539270169066,"non-hv"
"593","AT4G33300","Chr4","CpG","Rosette leaf",66,13.5468957096922,"non-hv"
"594","AT4G33300","Chr4","CpG","Closed flower buds",76,24.2694014932843,"non-hv"
"595","AT4G33300","Chr4","CpG","Embryos",52,27.7130961986731,"non-hv"
"596","AT4G33300","Chr4","CpG","Closed flower buds",85,24.9738650076931,"non-hv"
"597","AT4G33300","Chr4","CpG","Cauline leaf",78,18.6315660834892,"non-hv"
"598","AT4G33300","Chr4","CpG","Cauline leaf",72,13.4922706877364,"non-hv"
"599","AT4G36150","Chr4","CpG","Closed flower buds",69,4.22273982056591,"non-hv"
"600","AT4G36150","Chr4","CpG","Cauline leaf",77,4.37067089382166,"non-hv"
"601","AT4G36150","Chr4","CpG","Cauline leaf",64,4.05044243037664,"non-hv"
"602","AT4G36150","Chr4","CpG","Rosette leaf",61,4.62839810800781,"non-hv"
"603","AT4G36150","Chr4","CpG","Closed flower buds",85,1.46597462514418,"non-hv"
"604","AT4G36150","Chr4","CpG","Embryos",57,4.37970424466269,"non-hv"
"605","AT4G36150","Chr4","CpG","Embryos",75,3.87138787138787,"non-hv"
"606","AT4G36150","Chr4","CpG","Rosette leaf",70,3.99728256533874,"non-hv"
"607","AT5G04720","Chr5","CpG","Rosette leaf",49,12.6322778381914,"non-hv"
"608","AT5G04720","Chr5","CpG","Embryos",52,12.5185097427744,"non-hv"
"609","AT5G04720","Chr5","CpG","Closed flower buds",51,9.60382095690631,"non-hv"
"610","AT5G04720","Chr5","CpG","Rosette leaf",58,6.39128352490421,"non-hv"
"611","AT5G04720","Chr5","CpG","Cauline leaf",59,10.1264310820511,"non-hv"
"612","AT5G04720","Chr5","CpG","Closed flower buds",61,7.95310801916395,"non-hv"
"613","AT5G04720","Chr5","CpG","Embryos",42,2.38095238095238,"non-hv"
"614","AT5G04720","Chr5","CpG","Cauline leaf",44,9.38276685435776,"non-hv"
"615","AT5G05400","Chr5","CpG","Rosette leaf",52,31.9235402954838,"non-hv"
"616","AT5G05400","Chr5","CpG","Closed flower buds",54,31.7281255070222,"non-hv"
"617","AT5G05400","Chr5","CpG","Embryos",40,37.3217992359154,"non-hv"
"618","AT5G05400","Chr5","CpG","Embryos",59,29.5173245110932,"non-hv"
"619","AT5G05400","Chr5","CpG","Cauline leaf",52,19.402597197613,"non-hv"
"620","AT5G05400","Chr5","CpG","Rosette leaf",61,26.3183274188578,"non-hv"
"621","AT5G05400","Chr5","CpG","Closed flower buds",63,24.828034948987,"non-hv"
"622","AT5G05400","Chr5","CpG","Cauline leaf",47,27.8632142999985,"non-hv"
"623","AT5G11250","Chr5","CpG","Embryos",37,21.8608624858625,"non-hv"
"624","AT5G11250","Chr5","CpG","Embryos",57,18.8174424474734,"non-hv"
"625","AT5G11250","Chr5","CpG","Cauline leaf",53,27.6908408831272,"non-hv"
"626","AT5G11250","Chr5","CpG","Closed flower buds",55,22.9184048274957,"non-hv"
"627","AT5G11250","Chr5","CpG","Closed flower buds",70,13.1649580578152,"non-hv"
"628","AT5G11250","Chr5","CpG","Cauline leaf",46,20.3279600833949,"non-hv"
"629","AT5G11250","Chr5","CpG","Rosette leaf",52,19.2305024035793,"non-hv"
"630","AT5G11250","Chr5","CpG","Rosette leaf",69,22.8285874753266,"non-hv"
"631","AT5G17680","Chr5","CpG","Closed flower buds",47,9.87651975683891,"non-hv"
"632","AT5G17680","Chr5","CpG","Closed flower buds",57,9.09457018299898,"non-hv"
"633","AT5G17680","Chr5","CpG","Embryos",31,0,"non-hv"
"634","AT5G17680","Chr5","CpG","Cauline leaf",44,4.92969040763158,"non-hv"
"635","AT5G17680","Chr5","CpG","Rosette leaf",46,5.7449494949495,"non-hv"
"636","AT5G17680","Chr5","CpG","Cauline leaf",35,7.87761069340017,"non-hv"
"637","AT5G17680","Chr5","CpG","Rosette leaf",51,9.4287765611295,"non-hv"
"638","AT5G17680","Chr5","CpG","Embryos",45,11.3062656331154,"non-hv"
"639","AT5G17880","Chr5","CpG","Rosette leaf",56,1.67704701497824,"non-hv"
"640","AT5G17880","Chr5","CpG","Cauline leaf",59,0.602715662536201,"non-hv"
"641","AT5G17880","Chr5","CpG","Cauline leaf",60,0.260416666666667,"non-hv"
"642","AT5G17880","Chr5","CpG","Closed flower buds",68,1.73016321913381,"non-hv"
"643","AT5G17880","Chr5","CpG","Embryos",49,1.69626292075272,"non-hv"
"644","AT5G17880","Chr5","CpG","Embryos",64,1.78285256410256,"non-hv"
"645","AT5G17880","Chr5","CpG","Rosette leaf",47,1.20476450263684,"non-hv"
"646","AT5G17880","Chr5","CpG","Closed flower buds",63,2.47472389629252,"non-hv"
"647","AT5G17890","Chr5","CpG","Closed flower buds",88,20.6973451321757,"non-hv"
"648","AT5G17890","Chr5","CpG","Rosette leaf",64,12.4321036478786,"non-hv"
"649","AT5G17890","Chr5","CpG","Cauline leaf",68,13.5626308246277,"non-hv"
"650","AT5G17890","Chr5","CpG","Embryos",54,4.76374191651969,"non-hv"
"651","AT5G17890","Chr5","CpG","Embryos",72,10.8457794134877,"non-hv"
"652","AT5G17890","Chr5","CpG","Rosette leaf",72,11.5614401031068,"non-hv"
"653","AT5G17890","Chr5","CpG","Cauline leaf",72,11.0280319000649,"non-hv"
"654","AT5G17890","Chr5","CpG","Closed flower buds",79,10.5922956476956,"non-hv"
"655","AT5G17970","Chr5","CpG","Closed flower buds",23,11.3492847731978,"non-hv"
"656","AT5G17970","Chr5","CpG","Embryos",11,5.45454545454545,"non-hv"
"657","AT5G17970","Chr5","CpG","Embryos",23,8.49214191605496,"non-hv"
"658","AT5G17970","Chr5","CpG","Rosette leaf",20,4.79166666666667,"non-hv"
"659","AT5G17970","Chr5","CpG","Rosette leaf",18,1.1437908496732,"non-hv"
"660","AT5G17970","Chr5","CpG","Cauline leaf",21,4.23042113831587,"non-hv"
"661","AT5G17970","Chr5","CpG","Closed flower buds",19,7.35446570972887,"non-hv"
"662","AT5G17970","Chr5","CpG","Cauline leaf",20,1.84659090909091,"non-hv"
"663","AT5G18350","Chr5","CpG","Rosette leaf",100,2.63541453673033,"non-hv"
"664","AT5G18350","Chr5","CpG","Cauline leaf",101,2.75497742081901,"non-hv"
"665","AT5G18350","Chr5","CpG","Embryos",81,4.27330385663719,"non-hv"
"666","AT5G18350","Chr5","CpG","Closed flower buds",104,1.4088426708619,"non-hv"
"667","AT5G18350","Chr5","CpG","Cauline leaf",98,3.31362090290662,"non-hv"
"668","AT5G18350","Chr5","CpG","Embryos",100,3.30484584859585,"non-hv"
"669","AT5G18350","Chr5","CpG","Rosette leaf",98,2.68479014719616,"non-hv"
"670","AT5G18360","Chr5","CpG","Embryos",44,29.8372253118242,"non-hv"
"671","AT5G18360","Chr5","CpG","Rosette leaf",37,22.3554475025063,"non-hv"
"672","AT5G18360","Chr5","CpG","Rosette leaf",36,21.4174351379967,"non-hv"
"673","AT5G18360","Chr5","CpG","Closed flower buds",47,28.1223357046397,"non-hv"
"674","AT5G18360","Chr5","CpG","Cauline leaf",36,24.9128537560555,"non-hv"
"675","AT5G18360","Chr5","CpG","Embryos",34,30.3841664871077,"non-hv"
"676","AT5G18360","Chr5","CpG","Closed flower buds",42,29.4497625640534,"non-hv"
"677","AT5G18360","Chr5","CpG","Cauline leaf",43,23.9307888213348,"non-hv"
"678","AT5G18370","Chr5","CpG","Embryos",74,13.4579540500593,"non-hv"
"679","AT5G18370","Chr5","CpG","Closed flower buds",99,14.7176818524193,"non-hv"
"680","AT5G18370","Chr5","CpG","Cauline leaf",88,15.3382092135434,"non-hv"
"681","AT5G18370","Chr5","CpG","Closed flower buds",111,12.7582488244253,"non-hv"
"682","AT5G18370","Chr5","CpG","Cauline leaf",98,12.3449757442104,"non-hv"
"683","AT5G18370","Chr5","CpG","Rosette leaf",77,6.32148900956404,"non-hv"
"684","AT5G18370","Chr5","CpG","Embryos",104,10.0549532167179,"non-hv"
"685","AT5G18370","Chr5","CpG","Rosette leaf",79,8.03148591914415,"non-hv"
"686","AT5G22690","Chr5","CpG","Embryos",78,19.491228772903,"non-hv"
"687","AT5G22690","Chr5","CpG","Closed flower buds",77,13.9706992548379,"non-hv"
"688","AT5G22690","Chr5","CpG","Rosette leaf",68,10.9319826415415,"non-hv"
"689","AT5G22690","Chr5","CpG","Cauline leaf",75,21.4849212191317,"non-hv"
"690","AT5G22690","Chr5","CpG","Rosette leaf",66,22.0097582729162,"non-hv"
"691","AT5G22690","Chr5","CpG","Closed flower buds",76,18.6900562887405,"non-hv"
"692","AT5G22690","Chr5","CpG","Embryos",58,19.8356468722848,"non-hv"
"693","AT5G22690","Chr5","CpG","Cauline leaf",68,14.2210584066402,"non-hv"
"694","AT5G35450","Chr5","CpG","Embryos",29,23.5450612605785,"non-hv"
"695","AT5G35450","Chr5","CpG","Cauline leaf",49,21.7184048944253,"non-hv"
"696","AT5G35450","Chr5","CpG","Rosette leaf",42,33.4056870611492,"non-hv"
"697","AT5G35450","Chr5","CpG","Rosette leaf",44,17.7065295815296,"non-hv"
"698","AT5G35450","Chr5","CpG","Closed flower buds",62,21.6299246193889,"non-hv"
"699","AT5G35450","Chr5","CpG","Cauline leaf",46,12.9510616195399,"non-hv"
"700","AT5G35450","Chr5","CpG","Embryos",59,22.2946787528044,"non-hv"
"701","AT5G35450","Chr5","CpG","Closed flower buds",52,20.429992999578,"non-hv"
"702","AT5G36930","Chr5","CpG","Cauline leaf",59,34.758571369364,"non-hv"
"703","AT5G36930","Chr5","CpG","Embryos",60,42.4740684152449,"non-hv"
"704","AT5G36930","Chr5","CpG","Rosette leaf",57,47.4161474490422,"non-hv"
"705","AT5G36930","Chr5","CpG","Embryos",35,45.6099138956282,"non-hv"
"706","AT5G36930","Chr5","CpG","Closed flower buds",60,46.3370102182358,"non-hv"
"707","AT5G36930","Chr5","CpG","Cauline leaf",55,38.2316928466661,"non-hv"
"708","AT5G36930","Chr5","CpG","Closed flower buds",64,39.3366406783177,"non-hv"
"709","AT5G36930","Chr5","CpG","Rosette leaf",46,29.5897384480134,"non-hv"
"710","AT5G38340","Chr5","CpG","Cauline leaf",47,5.51502870651807,"non-hv"
"711","AT5G38340","Chr5","CpG","Embryos",56,6.31819248678492,"non-hv"
"712","AT5G38340","Chr5","CpG","Rosette leaf",56,5.5406746031746,"non-hv"
"713","AT5G38340","Chr5","CpG","Closed flower buds",62,7.03533026113671,"non-hv"
"714","AT5G38340","Chr5","CpG","Cauline leaf",62,8.87817155962317,"non-hv"
"715","AT5G38340","Chr5","CpG","Embryos",31,11.4792331324589,"non-hv"
"716","AT5G38340","Chr5","CpG","Closed flower buds",70,9.50322098536384,"non-hv"
"717","AT5G38340","Chr5","CpG","Rosette leaf",61,7.72636011219602,"non-hv"
"718","AT5G38350","Chr5","CpG","Rosette leaf",28,0.554170531849104,"hv"
"719","AT5G38350","Chr5","CpG","Embryos",23,0.31055900621118,"hv"
"720","AT5G38350","Chr5","CpG","Closed flower buds",40,0.354779411764706,"hv"
"721","AT5G38350","Chr5","CpG","Embryos",34,0.571603641456583,"hv"
"722","AT5G38350","Chr5","CpG","Closed flower buds",37,0.0540540540540541,"hv"
"723","AT5G38350","Chr5","CpG","Cauline leaf",27,0.432098765432099,"hv"
"724","AT5G38350","Chr5","CpG","Cauline leaf",25,0.581818181818182,"hv"
"725","AT5G38850","Chr5","CpG","Closed flower buds",50,7.6593253968254,"non-hv"
"726","AT5G38850","Chr5","CpG","Embryos",38,5.26315789473684,"non-hv"
"727","AT5G38850","Chr5","CpG","Closed flower buds",49,8.99819940770532,"non-hv"
"728","AT5G38850","Chr5","CpG","Cauline leaf",35,0.12987012987013,"non-hv"
"729","AT5G38850","Chr5","CpG","Rosette leaf",53,4.82199011680144,"non-hv"
"730","AT5G38850","Chr5","CpG","Cauline leaf",46,7.22506624520691,"non-hv"
"731","AT5G38850","Chr5","CpG","Embryos",51,1.82755153343389,"non-hv"
"732","AT5G38850","Chr5","CpG","Rosette leaf",43,8.09676434676435,"non-hv"
"733","AT5G40100","Chr5","CpG","Rosette leaf",63,27.244745994746,"non-hv"
"734","AT5G40100","Chr5","CpG","Closed flower buds",68,33.2194218751594,"non-hv"
"735","AT5G40100","Chr5","CpG","Rosette leaf",66,30.7113332710539,"non-hv"
"736","AT5G40100","Chr5","CpG","Embryos",61,36.5563872023778,"non-hv"
"737","AT5G40100","Chr5","CpG","Closed flower buds",63,29.791040412539,"non-hv"
"738","AT5G40100","Chr5","CpG","Embryos",59,37.1655416146942,"non-hv"
"739","AT5G40100","Chr5","CpG","Cauline leaf",67,30.4268171295457,"non-hv"
"740","AT5G40100","Chr5","CpG","Cauline leaf",63,29.7537497492081,"non-hv"
"741","AT5G40910","Chr5","CpG","Cauline leaf",78,39.5305184467816,"non-hv"
"742","AT5G40910","Chr5","CpG","Cauline leaf",89,37.2088264428973,"non-hv"
"743","AT5G40910","Chr5","CpG","Rosette leaf",82,38.0568524735523,"non-hv"
"744","AT5G40910","Chr5","CpG","Rosette leaf",69,41.8123760436817,"non-hv"
"745","AT5G40910","Chr5","CpG","Embryos",79,42.8662980721889,"non-hv"
"746","AT5G40910","Chr5","CpG","Closed flower buds",99,38.7161425358322,"non-hv"
"747","AT5G40910","Chr5","CpG","Closed flower buds",80,38.7976051991712,"non-hv"
"748","AT5G40910","Chr5","CpG","Embryos",65,45.2519878740995,"non-hv"
"749","AT5G41540","Chr5","CpG","Rosette leaf",37,0.103950103950104,"non-hv"
"750","AT5G41540","Chr5","CpG","Rosette leaf",51,0.439385524324673,"non-hv"
"751","AT5G41540","Chr5","CpG","Cauline leaf",48,0.679976851851851,"non-hv"
"752","AT5G41540","Chr5","CpG","Embryos",42,2.38352916924345,"non-hv"
"753","AT5G41540","Chr5","CpG","Closed flower buds",60,1.8246484996485,"non-hv"
"754","AT5G41540","Chr5","CpG","Cauline leaf",41,0.407019559326028,"non-hv"
"755","AT5G41540","Chr5","CpG","Embryos",52,1.58356294047084,"non-hv"
"756","AT5G41540","Chr5","CpG","Closed flower buds",51,2.09762675809389,"non-hv"
"757","AT5G41550","Chr5","CpG","Embryos",53,0.574298149667305,"non-hv"
"758","AT5G41550","Chr5","CpG","Closed flower buds",59,4.62259146082675,"non-hv"
"759","AT5G41550","Chr5","CpG","Cauline leaf",53,2.81854792840394,"non-hv"
"760","AT5G41550","Chr5","CpG","Cauline leaf",54,0.509504213207918,"non-hv"
"761","AT5G41550","Chr5","CpG","Closed flower buds",56,0.111607142857143,"non-hv"
"762","AT5G41550","Chr5","CpG","Rosette leaf",39,1.17683242683243,"non-hv"
"763","AT5G41550","Chr5","CpG","Rosette leaf",50,0.163461538461538,"non-hv"
"764","AT5G41550","Chr5","CpG","Embryos",45,2.84995660539139,"non-hv"
"765","AT5G41740","Chr5","CpG","Embryos",38,3.64000947882527,"hv"
"766","AT5G41740","Chr5","CpG","Embryos",71,2.24976510187778,"hv"
"767","AT5G41740","Chr5","CpG","Closed flower buds",64,7.46408057544367,"hv"
"768","AT5G41740","Chr5","CpG","Rosette leaf",50,0.91639267165583,"hv"
"769","AT5G41740","Chr5","CpG","Rosette leaf",51,5.43994948406713,"hv"
"770","AT5G41740","Chr5","CpG","Cauline leaf",54,3.80158421825089,"hv"
"771","AT5G41740","Chr5","CpG","Closed flower buds",60,2.47057225182225,"hv"
"772","AT5G41740","Chr5","CpG","Cauline leaf",62,1.16240680045234,"hv"
"773","AT5G41750","Chr5","CpG","Embryos",49,6.4746416908071,"hv"
"774","AT5G41750","Chr5","CpG","Embryos",67,0.862838065312535,"hv"
"775","AT5G41750","Chr5","CpG","Rosette leaf",60,3.57009848042457,"hv"
"776","AT5G41750","Chr5","CpG","Closed flower buds",69,2.68699633425707,"hv"
"777","AT5G41750","Chr5","CpG","Cauline leaf",48,4.127886002886,"hv"
"778","AT5G41750","Chr5","CpG","Rosette leaf",65,3.50544635103459,"hv"
"779","AT5G41750","Chr5","CpG","Closed flower buds",70,3.75880072308644,"hv"
"780","AT5G41750","Chr5","CpG","Cauline leaf",71,2.70348566679182,"hv"
"781","AT5G43470","Chr5","CpG","Cauline leaf",52,0.137362637362638,"hv"
"782","AT5G43470","Chr5","CpG","Cauline leaf",63,0.568952652285985,"hv"
"783","AT5G43470","Chr5","CpG","Closed flower buds",66,0.711820586820587,"hv"
"784","AT5G43470","Chr5","CpG","Rosette leaf",45,1.25864875864876,"hv"
"785","AT5G43470","Chr5","CpG","Embryos",57,0.354251012145749,"hv"
"786","AT5G43470","Chr5","CpG","Rosette leaf",49,0.384309567983037,"hv"
"787","AT5G43470","Chr5","CpG","Embryos",23,1.8260634293243,"hv"
"788","AT5G43470","Chr5","CpG","Closed flower buds",60,0.826388888888889,"hv"
"789","AT5G43730","Chr5","CpG","Embryos",8,29.1099709114415,"non-hv"
"790","AT5G43730","Chr5","CpG","Cauline leaf",21,55.1322513495609,"non-hv"
"791","AT5G43730","Chr5","CpG","Closed flower buds",25,52.5207196913853,"non-hv"
"792","AT5G43730","Chr5","CpG","Cauline leaf",17,42.6433521366386,"non-hv"
"793","AT5G43730","Chr5","CpG","Rosette leaf",11,54.9815840724932,"non-hv"
"794","AT5G43730","Chr5","CpG","Rosette leaf",21,32.639652014652,"non-hv"
"795","AT5G43730","Chr5","CpG","Closed flower buds",20,47.2280660515955,"non-hv"
"796","AT5G43730","Chr5","CpG","Embryos",24,43.0979052945965,"non-hv"
"797","AT5G43740","Chr5","CpG","Embryos",37,0.386100386100386,"hv"
"798","AT5G43740","Chr5","CpG","Cauline leaf",27,0.314693778746066,"hv"
"799","AT5G43740","Chr5","CpG","Rosette leaf",20,0.104166666666667,"hv"
"800","AT5G43740","Chr5","CpG","Embryos",21,1.01473922902494,"hv"
"801","AT5G43740","Chr5","CpG","Cauline leaf",24,0,"hv"
"802","AT5G43740","Chr5","CpG","Closed flower buds",30,0,"hv"
"803","AT5G43740","Chr5","CpG","Closed flower buds",31,0.10752688172043,"hv"
"804","AT5G44510","Chr5","CpG","Closed flower buds",31,44.9470396415618,"non-hv"
"805","AT5G44510","Chr5","CpG","Closed flower buds",54,59.2158583703106,"non-hv"
"806","AT5G44510","Chr5","CpG","Cauline leaf",38,58.7364755127913,"non-hv"
"807","AT5G44510","Chr5","CpG","Cauline leaf",44,53.0357521266612,"non-hv"
"808","AT5G44510","Chr5","CpG","Embryos",20,42.8751273236567,"non-hv"
"809","AT5G44510","Chr5","CpG","Rosette leaf",41,58.5944296417754,"non-hv"
"810","AT5G44510","Chr5","CpG","Rosette leaf",38,60.8948836816688,"non-hv"
"811","AT5G44510","Chr5","CpG","Embryos",35,52.2851473922902,"non-hv"
"812","AT5G44870","Chr5","CpG","Cauline leaf",70,0.782473134181208,"non-hv"
"813","AT5G44870","Chr5","CpG","Rosette leaf",82,0.221483123922148,"non-hv"
"814","AT5G44870","Chr5","CpG","Rosette leaf",76,0.803073023467761,"non-hv"
"815","AT5G44870","Chr5","CpG","Embryos",70,0.176020408163265,"non-hv"
"816","AT5G44870","Chr5","CpG","Closed flower buds",91,1.17406519934436,"non-hv"
"817","AT5G44870","Chr5","CpG","Embryos",48,1.47636689577479,"non-hv"
"818","AT5G44870","Chr5","CpG","Cauline leaf",76,0.929298041140146,"non-hv"
"819","AT5G44870","Chr5","CpG","Closed flower buds",84,0.339733536512248,"non-hv"
"820","AT5G45050","Chr5","CpG","Rosette leaf",63,21.3132357524588,"non-hv"
"821","AT5G45050","Chr5","CpG","Embryos",74,26.8329406197053,"non-hv"
"822","AT5G45050","Chr5","CpG","Closed flower buds",79,21.1939819167311,"non-hv"
"823","AT5G45050","Chr5","CpG","Rosette leaf",60,17.3205024142524,"non-hv"
"824","AT5G45050","Chr5","CpG","Cauline leaf",64,23.1712746433864,"non-hv"
"825","AT5G45050","Chr5","CpG","Embryos",57,21.9979196191108,"non-hv"
"826","AT5G45050","Chr5","CpG","Closed flower buds",68,29.8423009852508,"non-hv"
"827","AT5G45050","Chr5","CpG","Cauline leaf",69,26.2497924662247,"non-hv"
"828","AT5G45060","Chr5","CpG","Cauline leaf",45,44.6878985212319,"non-hv"
"829","AT5G45060","Chr5","CpG","Cauline leaf",50,41.9467791266704,"non-hv"
"830","AT5G45060","Chr5","CpG","Rosette leaf",49,40.8350947771716,"non-hv"
"831","AT5G45060","Chr5","CpG","Embryos",33,49.9526953863078,"non-hv"
"832","AT5G45060","Chr5","CpG","Closed flower buds",59,36.1177983006248,"non-hv"
"833","AT5G45060","Chr5","CpG","Rosette leaf",58,39.5147106246244,"non-hv"
"834","AT5G45060","Chr5","CpG","Closed flower buds",56,39.6858028613543,"non-hv"
"835","AT5G45060","Chr5","CpG","Embryos",51,31.2307692585647,"non-hv"
"836","AT5G45200","Chr5","CpG","Embryos",106,7.02886854899616,"non-hv"
"837","AT5G45200","Chr5","CpG","Embryos",94,9.77288936800415,"non-hv"
"838","AT5G45200","Chr5","CpG","Rosette leaf",97,8.31047628565766,"non-hv"
"839","AT5G45200","Chr5","CpG","Closed flower buds",117,7.56339797085524,"non-hv"
"840","AT5G45200","Chr5","CpG","Closed flower buds",113,9.52556235367751,"non-hv"
"841","AT5G45200","Chr5","CpG","Cauline leaf",105,8.52115684330412,"non-hv"
"842","AT5G45200","Chr5","CpG","Cauline leaf",103,8.72592380016709,"non-hv"
"843","AT5G45200","Chr5","CpG","Rosette leaf",105,7.79997508756907,"non-hv"
"844","AT5G45210","Chr5","CpG","Closed flower buds",54,0.0578703703703704,"non-hv"
"845","AT5G45210","Chr5","CpG","Embryos",47,0.821873550736933,"non-hv"
"846","AT5G45210","Chr5","CpG","Cauline leaf",47,0.116514690982776,"non-hv"
"847","AT5G45210","Chr5","CpG","Rosette leaf",69,0.308918536475953,"non-hv"
"848","AT5G45210","Chr5","CpG","Closed flower buds",66,0.201498063340169,"non-hv"
"849","AT5G45210","Chr5","CpG","Rosette leaf",63,0.292811569072073,"non-hv"
"850","AT5G45210","Chr5","CpG","Embryos",66,0.194995063416116,"non-hv"
"851","AT5G45230","Chr5","CpG","Cauline leaf",59,0.231684511345528,"non-hv"
"852","AT5G45230","Chr5","CpG","Rosette leaf",65,1.17449820164752,"non-hv"
"853","AT5G45230","Chr5","CpG","Cauline leaf",79,1.78515919607004,"non-hv"
"854","AT5G45230","Chr5","CpG","Closed flower buds",70,2.16914591149972,"non-hv"
"855","AT5G45230","Chr5","CpG","Embryos",88,0.268508953168044,"non-hv"
"856","AT5G45230","Chr5","CpG","Closed flower buds",67,1.64133160113854,"non-hv"
"857","AT5G45230","Chr5","CpG","Rosette leaf",69,0.495744191396366,"non-hv"
"858","AT5G45230","Chr5","CpG","Embryos",36,0.966826383493051,"non-hv"
"859","AT5G45250","Chr5","CpG","Rosette leaf",54,6.37874380521439,"non-hv"
"860","AT5G45250","Chr5","CpG","Closed flower buds",67,7.77826236781461,"non-hv"
"861","AT5G45250","Chr5","CpG","Embryos",53,0.458912157025365,"non-hv"
"862","AT5G45250","Chr5","CpG","Rosette leaf",61,0.644134206091776,"non-hv"
"863","AT5G45250","Chr5","CpG","Embryos",58,3.47344301705356,"non-hv"
"864","AT5G45250","Chr5","CpG","Cauline leaf",70,6.03077973613688,"non-hv"
"865","AT5G45250","Chr5","CpG","Closed flower buds",64,6.16714015151515,"non-hv"
"866","AT5G45250","Chr5","CpG","Cauline leaf",60,7.77631287309807,"non-hv"
"867","AT5G45260","Chr5","CpG","Cauline leaf",75,20.4620939567222,"non-hv"
"868","AT5G45260","Chr5","CpG","Embryos",77,9.59989505444051,"non-hv"
"869","AT5G45260","Chr5","CpG","Embryos",53,12.5421346134443,"non-hv"
"870","AT5G45260","Chr5","CpG","Rosette leaf",67,12.950372595895,"non-hv"
"871","AT5G45260","Chr5","CpG","Cauline leaf",73,11.3123045143593,"non-hv"
"872","AT5G45260","Chr5","CpG","Closed flower buds",79,10.9151667999476,"non-hv"
"873","AT5G45260","Chr5","CpG","Closed flower buds",82,16.899981128114,"non-hv"
"874","AT5G45260","Chr5","CpG","Rosette leaf",59,20.4884692533919,"non-hv"
"875","AT5G46260","Chr5","CpG","Closed flower buds",47,0.721139519637643,"non-hv"
"876","AT5G46260","Chr5","CpG","Embryos",39,0.251831501831502,"non-hv"
"877","AT5G46260","Chr5","CpG","Embryos",30,1.42424242424242,"non-hv"
"878","AT5G46260","Chr5","CpG","Closed flower buds",45,2.18111518111518,"non-hv"
"879","AT5G46260","Chr5","CpG","Rosette leaf",36,0.910493827160494,"non-hv"
"880","AT5G46260","Chr5","CpG","Cauline leaf",44,4.53823953823954,"non-hv"
"881","AT5G46260","Chr5","CpG","Cauline leaf",39,0.33984533984534,"non-hv"
"882","AT5G46270","Chr5","CpG","Cauline leaf",45,0.455026455026455,"non-hv"
"883","AT5G46270","Chr5","CpG","Rosette leaf",62,1.36696064056121,"non-hv"
"884","AT5G46270","Chr5","CpG","Closed flower buds",63,1.23333968396994,"non-hv"
"885","AT5G46270","Chr5","CpG","Cauline leaf",54,2.54951475539711,"non-hv"
"886","AT5G46270","Chr5","CpG","Embryos",44,1.77366194411649,"non-hv"
"887","AT5G46270","Chr5","CpG","Embryos",63,0.226471059804393,"non-hv"
"888","AT5G46270","Chr5","CpG","Rosette leaf",49,0.600979708122566,"non-hv"
"889","AT5G46450","Chr5","CpG","Cauline leaf",34,29.4743410184587,"non-hv"
"890","AT5G46450","Chr5","CpG","Cauline leaf",32,24.1288991993815,"non-hv"
"891","AT5G46450","Chr5","CpG","Closed flower buds",38,31.4417477517323,"non-hv"
"892","AT5G46450","Chr5","CpG","Embryos",35,37.6383007748554,"non-hv"
"893","AT5G46450","Chr5","CpG","Closed flower buds",30,25.2282347282347,"non-hv"
"894","AT5G46450","Chr5","CpG","Rosette leaf",42,19.9990751218084,"non-hv"
"895","AT5G46450","Chr5","CpG","Embryos",26,19.8458272496734,"non-hv"
"896","AT5G46450","Chr5","CpG","Rosette leaf",30,29.114768129474,"non-hv"
"897","AT5G46510","Chr5","CpG","Rosette leaf",27,55.1134282384282,"hv"
"898","AT5G46510","Chr5","CpG","Cauline leaf",20,51.1892898767899,"hv"
"899","AT5G46510","Chr5","CpG","Rosette leaf",10,15.0416666666667,"hv"
"900","AT5G46510","Chr5","CpG","Embryos",13,38.0082417582418,"hv"
"901","AT5G46510","Chr5","CpG","Closed flower buds",24,50.9405814093314,"hv"
"902","AT5G46510","Chr5","CpG","Embryos",31,47.5138675541901,"hv"
"903","AT5G46510","Chr5","CpG","Closed flower buds",31,51.4518003381653,"hv"
"904","AT5G46520","Chr5","CpG","Closed flower buds",29,5.62470038149767,"hv"
"905","AT5G46520","Chr5","CpG","Rosette leaf",26,3.67463140307968,"hv"
"906","AT5G46520","Chr5","CpG","Cauline leaf",22,0.822141873278237,"hv"
"907","AT5G46520","Chr5","CpG","Cauline leaf",28,4.61426574678454,"hv"
"908","AT5G46520","Chr5","CpG","Embryos",25,4.16277056277056,"hv"
"909","AT5G46520","Chr5","CpG","Embryos",34,0.0700280112044818,"hv"
"910","AT5G46520","Chr5","CpG","Rosette leaf",24,0.396825396825397,"hv"
"911","AT5G46520","Chr5","CpG","Closed flower buds",25,0.488766788766789,"hv"
"912","AT5G47250","Chr5","CpG","Cauline leaf",33,0.599132835974941,"non-hv"
"913","AT5G47250","Chr5","CpG","Rosette leaf",42,0.367063492063492,"non-hv"
"914","AT5G47250","Chr5","CpG","Rosette leaf",37,0.511875511875512,"non-hv"
"915","AT5G47250","Chr5","CpG","Cauline leaf",43,0.371309382529579,"non-hv"
"916","AT5G47250","Chr5","CpG","Embryos",28,0.0992063492063493,"non-hv"
"917","AT5G47250","Chr5","CpG","Embryos",46,0.0988142292490118,"non-hv"
"918","AT5G47250","Chr5","CpG","Closed flower buds",49,0.501700680272109,"non-hv"
"919","AT5G47250","Chr5","CpG","Closed flower buds",47,0.894264325115389,"non-hv"
"920","AT5G47260","Chr5","CpG","Rosette leaf",9,88.5235289401956,"non-hv"
"921","AT5G47260","Chr5","CpG","Embryos",3,91.1111111111111,"non-hv"
"922","AT5G47260","Chr5","CpG","Closed flower buds",13,92.8052503052503,"non-hv"
"923","AT5G47260","Chr5","CpG","Rosette leaf",11,83.6327561327561,"non-hv"
"924","AT5G47260","Chr5","CpG","Embryos",2,97.2222222222222,"non-hv"
"925","AT5G47260","Chr5","CpG","Cauline leaf",9,76.9246031746032,"non-hv"
"926","AT5G47260","Chr5","CpG","Closed flower buds",10,93.8800186741363,"non-hv"
"927","AT5G47260","Chr5","CpG","Cauline leaf",1,45,"non-hv"
"928","AT5G47280","Chr5","CpG","Closed flower buds",13,86.1517328825021,"non-hv"
"929","AT5G47280","Chr5","CpG","Closed flower buds",9,56.0416837300222,"non-hv"
"930","AT5G47280","Chr5","CpG","Cauline leaf",21,81.2564155421298,"non-hv"
"931","AT5G47280","Chr5","CpG","Rosette leaf",7,79.7023809523809,"non-hv"
"932","AT5G47280","Chr5","CpG","Cauline leaf",12,63.4130465051518,"non-hv"
"933","AT5G47280","Chr5","CpG","Embryos",6,66.9379578754579,"non-hv"
"934","AT5G47280","Chr5","CpG","Rosette leaf",14,64.8476360241066,"non-hv"
"935","AT5G48620","Chr5","CpG","Embryos",45,0.379867046533713,"hv"
"936","AT5G48620","Chr5","CpG","Closed flower buds",64,0.384330604023647,"hv"
"937","AT5G48620","Chr5","CpG","Cauline leaf",48,0.34571158008658,"hv"
"938","AT5G48620","Chr5","CpG","Closed flower buds",61,0.0819672131147541,"hv"
"939","AT5G48620","Chr5","CpG","Embryos",47,0.619605913558881,"hv"
"940","AT5G48620","Chr5","CpG","Cauline leaf",43,0.355297157622739,"hv"
"941","AT5G48620","Chr5","CpG","Rosette leaf",53,0.0673854447439353,"hv"
"942","AT5G48620","Chr5","CpG","Rosette leaf",44,0.324605949605949,"hv"
"943","AT5G49140","Chr5","CpG","Cauline leaf",53,1.00909703504043,"non-hv"
"944","AT5G49140","Chr5","CpG","Closed flower buds",59,2.39065313217856,"non-hv"
"945","AT5G49140","Chr5","CpG","Closed flower buds",57,0.986842105263158,"non-hv"
"946","AT5G49140","Chr5","CpG","Rosette leaf",56,1.69959504780933,"non-hv"
"947","AT5G49140","Chr5","CpG","Rosette leaf",46,1.84178743961353,"non-hv"
"948","AT5G49140","Chr5","CpG","Cauline leaf",49,0.297619047619048,"non-hv"
"949","AT5G49140","Chr5","CpG","Embryos",54,3.40418069584736,"non-hv"
"950","AT5G49140","Chr5","CpG","Embryos",37,0.202702702702703,"non-hv"
"951","AT5G51630","Chr5","CpG","Closed flower buds",77,23.1813538087411,"non-hv"
"952","AT5G51630","Chr5","CpG","Embryos",55,23.8049517327592,"non-hv"
"953","AT5G51630","Chr5","CpG","Embryos",56,15.6586865515437,"non-hv"
"954","AT5G51630","Chr5","CpG","Closed flower buds",76,27.9785416273269,"non-hv"
"955","AT5G51630","Chr5","CpG","Rosette leaf",69,27.6018209161802,"non-hv"
"956","AT5G51630","Chr5","CpG","Cauline leaf",57,25.70162365441,"non-hv"
"957","AT5G51630","Chr5","CpG","Cauline leaf",54,19.9474573780129,"non-hv"
"958","AT5G51630","Chr5","CpG","Rosette leaf",49,12.7127436056007,"non-hv"
"959","AT5G58120","Chr5","CpG","Rosette leaf",73,0.922853782442824,"non-hv"
"960","AT5G58120","Chr5","CpG","Closed flower buds",69,4.33686482752911,"non-hv"
"961","AT5G58120","Chr5","CpG","Closed flower buds",74,4.64991311113228,"non-hv"
"962","AT5G58120","Chr5","CpG","Embryos",61,5.75808071709711,"non-hv"
"963","AT5G58120","Chr5","CpG","Cauline leaf",67,0.868613787221649,"non-hv"
"964","AT5G58120","Chr5","CpG","Embryos",65,5.4349834947661,"non-hv"
"965","AT5G58120","Chr5","CpG","Rosette leaf",65,1.96561979861497,"non-hv"
"966","AT5G58120","Chr5","CpG","Cauline leaf",77,4.33036299919417,"non-hv"
"967","AT5G63020","Chr5","CpG","Rosette leaf",25,59.3023085991049,"non-hv"
"968","AT5G63020","Chr5","CpG","Embryos",15,43.2746512746513,"non-hv"
"969","AT5G63020","Chr5","CpG","Embryos",28,35.9647544915402,"non-hv"
"970","AT5G63020","Chr5","CpG","Rosette leaf",12,42.6542151948499,"non-hv"
"971","AT5G63020","Chr5","CpG","Closed flower buds",27,50.0639938916083,"non-hv"
"972","AT5G63020","Chr5","CpG","Closed flower buds",28,48.7085642033133,"non-hv"
"973","AT5G63020","Chr5","CpG","Cauline leaf",18,34.8829218429967,"non-hv"
"974","AT5G63020","Chr5","CpG","Cauline leaf",30,49.9781700097131,"non-hv"
"975","AT5G66900","Chr5","CpG","Cauline leaf",21,4.84330484330484,"non-hv"
"976","AT5G66900","Chr5","CpG","Cauline leaf",30,14.8105680868839,"non-hv"
"977","AT5G66900","Chr5","CpG","Closed flower buds",33,5.40263748597082,"non-hv"
"978","AT5G66900","Chr5","CpG","Closed flower buds",42,13.871066103209,"non-hv"
"979","AT5G66900","Chr5","CpG","Rosette leaf",31,17.9467239749498,"non-hv"
"980","AT5G66900","Chr5","CpG","Embryos",17,5.72755417956656,"non-hv"
"981","AT5G66900","Chr5","CpG","Embryos",39,14.505110274341,"non-hv"
"982","AT5G66900","Chr5","CpG","Rosette leaf",28,10.3329408686552,"non-hv"
"983","AT5G66910","Chr5","CpG","Closed flower buds",50,0,"non-hv"
"984","AT5G66910","Chr5","CpG","Cauline leaf",34,0.147058823529412,"non-hv"
"985","AT5G66910","Chr5","CpG","Cauline leaf",42,0.0850340136054421,"non-hv"
"986","AT5G66910","Chr5","CpG","Closed flower buds",39,0.258564964447318,"non-hv"
"987","AT5G66910","Chr5","CpG","Rosette leaf",32,0,"non-hv"
"988","AT5G66910","Chr5","CpG","Embryos",33,0.378787878787879,"non-hv"
"989","AT5G66910","Chr5","CpG","Embryos",45,0.185185185185186,"non-hv"
"990","AT5G66910","Chr5","CpG","Rosette leaf",16,0.9375,"non-hv"
